"","control_1","control_2","control_3","IDD_1","IDD_2","IDD_3"
"hsa-let-7a-2-3p ",221.5,208.666666666667,225.5,194,207.083333333333,203.333333333333
"hsa-let-7a-3p ",472.166666666667,382.166666666667,636.666666666667,128.5,660.333333333333,307
"hsa-let-7a-5p ",239290,213596.166666667,239290,167204,167204,167204
"hsa-let-7b-3p ",462.166666666667,412.666666666667,486.666666666667,325.583333333333,530.666666666667,358.583333333333
"hsa-let-7b-5p ",88611.3333333333,119978.5,72483,239290,69027.3333333333,133158.166666667
"hsa-let-7c-3p ",161.083333333333,171,192,135.5,482.5,162
"hsa-let-7c-5p ",21221.3333333333,21221.3333333333,22428.5,72483,40711.1666666667,27474.8333333333
"hsa-let-7d-3p ",872.5,803,803,985,872.5,921.833333333333
"hsa-let-7d-5p ",5140.33333333333,4723,5716.16666666667,4820.16666666667,6228.83333333333,5529.16666666667
"hsa-let-7e-3p ",218.833333333333,201,234.333333333333,141.333333333333,235.416666666667,162
"hsa-let-7e-5p ",11559.1666666667,9423,13055.8333333333,5257.83333333333,9423,6922.83333333333
"hsa-let-7f-1-3p ",123.333333333333,110.166666666667,141.333333333333,105.333333333333,141.333333333333,107.333333333333
"hsa-let-7f-2-3p ",110.833333333333,117.583333333333,127.166666666667,97.5833333333333,119,108.5
"hsa-let-7f-5p ",100028.666666667,75422.5,154252,21221.3333333333,119978.5,75422.5
"hsa-let-7g-5p ",63114.5,63114.5,79368.8333333333,18560.5,75422.5,63114.5
"hsa-let-7i-3p ",492.416666666667,486.666666666667,460.083333333333,383.333333333333,598.666666666667,627.333333333333
"hsa-let-7i-5p ",477948.666666667,477948.666666667,477948.666666667,477948.666666667,477948.666666667,477948.666666667
"hsa-miR-1-3p ",420.5,303,530.666666666667,195.5,402.833333333333,420.5
"hsa-miR-100-3p ",122.333333333333,118.333333333333,129.166666666667,98.6666666666667,145.166666666667,124.416666666667
"hsa-miR-100-5p ",647117.333333333,647117.333333333,647117.333333333,740471.5,647117.333333333,647117.333333333
"hsa-miR-101-3p ",4439.16666666667,4979.33333333333,3924,6694.66666666667,10045.6666666667,7378.16666666667
"hsa-miR-10395-3p ",98.1666666666667,110.166666666667,92,99.3333333333333,96,95.5
"hsa-miR-10399-5p ",101.75,102.666666666667,102.416666666667,95.75,99.3333333333333,96
"hsa-miR-103a-3p ",26899.3333333333,25360.9166666667,28239.75,9734.33333333333,23413.25,19013.1666666667
"hsa-miR-103b ",26899.3333333333,25360.9166666667,28239.75,9734.33333333333,23413.25,19013.1666666667
"hsa-miR-10527-5p ",115.166666666667,116,117.583333333333,137.5,94.5,104.166666666667
"hsa-miR-106a-5p ",96,98.5,97.3333333333333,97.5833333333333,92.8333333333333,98.5833333333333
"hsa-miR-106b-3p ",1288.16666666667,1401.66666666667,1067,2916.83333333333,1144.83333333333,2054.33333333333
"hsa-miR-106b-5p ",509.833333333333,583,441.666666666667,1150.66666666667,616.5,1002
"hsa-miR-107 ",1566.83333333333,1471.83333333333,1744.83333333333,704.166666666667,1718.66666666667,1943.66666666667
"hsa-miR-10a-3p ",1232,1232,1401.66666666667,357.666666666667,1641.66666666667,1339.83333333333
"hsa-miR-10a-5p ",60425,60425,63114.5,29004.6666666667,83763.6666666667,60425
"hsa-miR-10b-3p ",277.333333333333,286.333333333333,284.25,546,823,746.833333333333
"hsa-miR-10b-5p ",14291,13590.5,18560.5,22428.5,60425,40711.1666666667
"hsa-miR-1180-3p ",352,338.833333333333,309.5,921.833333333333,328.5,593.666666666667
"hsa-miR-1185-1-3p ",616.5,636.666666666667,616.5,219.333333333333,598.666666666667,530.666666666667
"hsa-miR-1185-2-3p ",313.833333333333,276,299.333333333333,121.083333333333,294.333333333333,199.833333333333
"hsa-miR-1185-5p ",115.166666666667,102.666666666667,136.666666666667,90.3333333333333,127.166666666667,97.3333333333333
"hsa-miR-1197 ",125.833333333333,117.583333333333,141.333333333333,92.5,118.333333333333,98.5833333333333
"hsa-miR-12136 ",121.083333333333,157.166666666667,110.666666666667,211,101.166666666667,132.75
"hsa-miR-122-5p ",117.583333333333,103.833333333333,100.333333333333,239.666666666667,114.75,124.416666666667
"hsa-miR-1226-3p ",98.1666666666667,99.3333333333333,95.5,104.166666666667,90.25,93.3333333333333
"hsa-miR-122b-3p ",104.083333333333,96.75,95.5,176.083333333333,99.3333333333333,111.25
"hsa-miR-122b-5p ",101.75,96.75,105.333333333333,93.6666666666667,100.333333333333,92.8333333333333
"hsa-miR-124-3p ",96,101.166666666667,96.3333333333333,104.833333333333,102.666666666667,95.5
"hsa-miR-1245a ",98.1666666666667,92.1666666666667,90,90.3333333333333,92.8333333333333,89.1666666666667
"hsa-miR-1246 ",92.9166666666667,101.166666666667,91.1666666666667,137.5,93.75,96.6666666666667
"hsa-miR-1247-3p ",95.5,96.75,97.3333333333333,525.333333333333,153.333333333333,111.25
"hsa-miR-1247-5p ",92.9166666666667,96.75,100.333333333333,655.666666666667,198.333333333333,135.916666666667
"hsa-miR-1249-3p ",131,131.333333333333,122.416666666667,171.833333333333,109.333333333333,126.75
"hsa-miR-1255a ",104.083333333333,108.083333333333,106.416666666667,111.833333333333,122.75,120.916666666667
"hsa-miR-1255b-5p ",92.9166666666667,96.75,97.3333333333333,104.166666666667,96,96
"hsa-miR-125a-3p ",239.666666666667,246.166666666667,215.666666666667,313.833333333333,199.833333333333,268.5
"hsa-miR-125a-5p ",32465.5,32465.5,32465.5,16526.6666666667,37860.8333333333,24398
"hsa-miR-125b-1-3p ",1842.16666666667,2096.16666666667,2012,1744.83333333333,1806.83333333333,2916.83333333333
"hsa-miR-125b-2-3p ",317,313.833333333333,257.166666666667,472.166666666667,684.166666666667,498.166666666667
"hsa-miR-125b-5p ",213596.166666667,239290,133158.166666667,213596.166666667,133158.166666667,239290
"hsa-miR-126-3p ",1083.16666666667,909.166666666667,1123.16666666667,309.5,722,962.5
"hsa-miR-126-5p ",109.5,108.083333333333,112.833333333333,96.6666666666667,97.4166666666667,96
"hsa-miR-1260b ",402.833333333333,643.833333333333,343.666666666667,962.5,207.083333333333,546
"hsa-miR-1268a ",119.666666666667,141.333333333333,110.666666666667,486.666666666667,113,135
"hsa-miR-1268b ",119.666666666667,142.583333333333,110.666666666667,498.166666666667,114.75,137
"hsa-miR-127-3p ",603.666666666667,742.166666666667,580.583333333333,1641.66666666667,498.166666666667,616.5
"hsa-miR-127-5p ",450.416666666667,498.166666666667,383.333333333333,1202,486.666666666667,465.333333333333
"hsa-miR-1270 ",92.9166666666667,102.666666666667,93.0833333333333,98.6666666666667,93.75,97.3333333333333
"hsa-miR-1271-3p ",90.5833333333333,98.5,93.0833333333333,95.75,90.25,96.6666666666667
"hsa-miR-1271-5p ",458,447.166666666667,580.583333333333,272.666666666667,590.666666666667,377.666666666667
"hsa-miR-1273c ",91.8333333333333,92.1666666666667,92,106.166666666667,96,96
"hsa-miR-1277-3p ",99.3333333333333,92.1666666666667,97.3333333333333,90.3333333333333,99.3333333333333,91.1666666666667
"hsa-miR-1277-5p ",92.9166666666667,95.5,116.333333333333,93.6666666666667,109.333333333333,91.8333333333333
"hsa-miR-1278 ",110.166666666667,109.333333333333,136.666666666667,94.9166666666667,116.333333333333,108.083333333333
"hsa-miR-128-1-5p ",100.583333333333,106.166666666667,110.666666666667,126.75,102.666666666667,118
"hsa-miR-128-3p ",1911.16666666667,1911.16666666667,2190,1842.16666666667,1943.66666666667,2434.5
"hsa-miR-1285-3p ",133.25,133.5,118.916666666667,188,138,178.833333333333
"hsa-miR-1287-5p ",271.833333333333,279.583333333333,220.666666666667,909.166666666667,251.833333333333,381
"hsa-miR-129-2-3p ",102.666666666667,100.166666666667,110.666666666667,98.6666666666667,93.75,97.3333333333333
"hsa-miR-129-5p ",143.416666666667,148.166666666667,127.166666666667,158,105.5,130.166666666667
"hsa-miR-1292-5p ",105.333333333333,111,102.416666666667,131,93.75,102.666666666667
"hsa-miR-1294 ",117.583333333333,124.083333333333,116.333333333333,149,105.5,116.583333333333
"hsa-miR-1296-5p ",309.5,265.666666666667,309.5,181.666666666667,228.25,256.833333333333
"hsa-miR-1299 ",257.166666666667,272.666666666667,229,753.166666666667,144,228.25
"hsa-miR-1301-3p ",206.5,190.833333333333,203.333333333333,214.666666666667,168.833333333333,253.166666666667
"hsa-miR-1303 ",117.583333333333,144,122.416666666667,135.5,94.5,113.666666666667
"hsa-miR-1304-5p ",95.5,94.1666666666667,102.416666666667,96.6666666666667,94.5,104.166666666667
"hsa-miR-1306-5p ",109.5,119.666666666667,117.583333333333,131,119,125.333333333333
"hsa-miR-1307-3p ",633,753.166666666667,460.083333333333,2696.83333333333,390.666666666667,872.5
"hsa-miR-1307-5p ",207.666666666667,258.916666666667,197.583333333333,1185.16666666667,178.833333333333,265.666666666667
"hsa-miR-130a-3p ",290.333333333333,334.416666666667,274.333333333333,329.833333333333,382.166666666667,402.833333333333
"hsa-miR-130a-5p ",117.583333333333,119.666666666667,113.75,167,114.75,138.5
"hsa-miR-130b-3p ",157.166666666667,177.833333333333,151.333333333333,197.583333333333,142.666666666667,174.5
"hsa-miR-130b-5p ",150.166666666667,141.333333333333,157.666666666667,119.833333333333,157.416666666667,143.416666666667
"hsa-miR-132-3p ",286.333333333333,279.583333333333,336,260.333333333333,377.666666666667,257.5
"hsa-miR-132-5p ",267.083333333333,264.333333333333,219.083333333333,539.666666666667,257.166666666667,371.666666666667
"hsa-miR-133a-3p ",94.1666666666667,95.5,92,106.833333333333,89.4166666666667,100.166666666667
"hsa-miR-134-3p ",102.666666666667,112,108.166666666667,100.833333333333,116.333333333333,100.75
"hsa-miR-134-5p ",3878.66666666667,5257.83333333333,2418.5,19465.8333333333,2391.33333333333,3878.66666666667
"hsa-miR-1343-3p ",100.583333333333,101.166666666667,99.3333333333333,126.75,99.3333333333333,100.75
"hsa-miR-135b-5p ",133.25,103.833333333333,148.166666666667,104.166666666667,347.833333333333,196.833333333333
"hsa-miR-136-3p ",2916.83333333333,3385.5,2978,627.333333333333,2651.83333333333,1525.83333333333
"hsa-miR-136-5p ",1457.83333333333,1525.83333333333,1167.33333333333,3597,1383.5,1232
"hsa-miR-137-3p ",242.833333333333,227.5,237.833333333333,110.666666666667,111.5,98.5833333333333
"hsa-miR-138-1-3p ",153.333333333333,168.166666666667,161.083333333333,161.083333333333,116.333333333333,106.166666666667
"hsa-miR-138-5p ",2489.5,3433,1842.16666666667,4979.33333333333,1232,1641.66666666667
"hsa-miR-139-5p ",105.333333333333,108.083333333333,99.3333333333333,92.5,96,105.5
"hsa-miR-140-3p ",4510.16666666667,5794.33333333333,3480.83333333333,15990.1666666667,15990.1666666667,26323.8333333333
"hsa-miR-140-5p ",6694.66666666667,5716.16666666667,7118.66666666667,2426.5,13590.5,12718.3333333333
"hsa-miR-141-3p ",99.3333333333333,93.3333333333333,92,93.6666666666667,91.5833333333333,100.166666666667
"hsa-miR-142-3p ",100.583333333333,106.166666666667,97.3333333333333,126.75,109.333333333333,303
"hsa-miR-142-5p ",94.1666666666667,94.1666666666667,90,95.75,91.5833333333333,118.833333333333
"hsa-miR-143-3p ",119978.5,133158.166666667,100028.666666667,45579.6666666667,6694.66666666667,88611.3333333333
"hsa-miR-143-5p ",2548,3264.33333333333,2149.33333333333,2149.33333333333,232.666666666667,2348.16666666667
"hsa-miR-145-3p ",2149.33333333333,2434.5,1963.5,885.333333333333,309.5,1963.5
"hsa-miR-145-5p ",13055.8333333333,11559.1666666667,11559.1666666667,6922.83333333333,956.5,6434.66666666667
"hsa-miR-146a-3p ",102.666666666667,98.5,94.3333333333333,96.6666666666667,89.4166666666667,90.3333333333333
"hsa-miR-146a-5p ",12718.3333333333,13055.8333333333,12718.3333333333,1339.83333333333,1112.16666666667,3264.33333333333
"hsa-miR-146b-3p ",137,138.5,123.166666666667,583,242.833333333333,366.333333333333
"hsa-miR-146b-5p ",1669.66666666667,1603,1687.66666666667,4331.16666666667,5529.16666666667,4567.66666666667
"hsa-miR-147b-3p ",105.333333333333,112,101.166666666667,164.833333333333,92.8333333333333,96.6666666666667
"hsa-miR-147b-5p ",104.083333333333,91.1666666666667,95.5,90.3333333333333,96,90
"hsa-miR-148a-3p ",167204,154252,213596.166666667,69027.3333333333,154252,154252
"hsa-miR-148a-5p ",899.666666666667,1123.16666666667,742.166666666667,4006.33333333333,909.166666666667,1870.5
"hsa-miR-148b-3p ",5529.16666666667,5442.83333333333,6922.83333333333,1525.83333333333,7118.66666666667,4723
"hsa-miR-149-5p ",525.333333333333,546,447.166666666667,1123.16666666667,465.333333333333,586.833333333333
"hsa-miR-150-5p ",90.5833333333333,91.1666666666667,90,97.5833333333333,90.25,100.75
"hsa-miR-151a-3p ",10792.6666666667,12718.3333333333,10792.6666666667,12718.3333333333,13055.8333333333,14291
"hsa-miR-151a-5p ",729,780.333333333333,729,1167.33333333333,1051.5,899.666666666667
"hsa-miR-151b ",112.75,133.5,105.333333333333,215.666666666667,92.8333333333333,118.833333333333
"hsa-miR-152-3p ",22428.5,27474.8333333333,21221.3333333333,83763.6666666667,19465.8333333333,21221.3333333333
"hsa-miR-152-5p ",214.666666666667,239.666666666667,219.083333333333,643.833333333333,210.333333333333,329.166666666667
"hsa-miR-153-3p ",89.8333333333333,91.1666666666667,90,90.3333333333333,100.333333333333,90.3333333333333
"hsa-miR-154-3p ",282.166666666667,233.5,398.5,99.3333333333333,253.166666666667,142.583333333333
"hsa-miR-154-5p ",578.166666666667,590.666666666667,539.666666666667,441.666666666667,552.166666666667,313.833333333333
"hsa-miR-155-5p ",3793.16666666667,3209.33333333333,4567.66666666667,742.166666666667,4439.16666666667,2489.5
"hsa-miR-15a-5p ",304.5,359.5,325.583333333333,229.5,509.833333333333,343.666666666667
"hsa-miR-15b-3p ",227.5,221.5,284.25,107.75,304.5,211
"hsa-miR-15b-5p ",909.166666666667,836.5,1139,390.666666666667,1268.83333333333,684.166666666667
"hsa-miR-16-1-3p ",107.583333333333,122.166666666667,106.416666666667,173.166666666667,113,121.333333333333
"hsa-miR-16-2-3p ",142,124.833333333333,159.166666666667,97.5833333333333,150.75,144.75
"hsa-miR-16-5p ",5794.33333333333,4439.16666666667,7378.16666666667,1566.83333333333,10792.6666666667,4331.16666666667
"hsa-miR-17-3p ",117.583333333333,113.666666666667,106.416666666667,290.333333333333,111.5,146.916666666667
"hsa-miR-17-5p ",3209.33333333333,3112.66666666667,2574.83333333333,2190,2768.83333333333,4510.16666666667
"hsa-miR-181a-2-3p ",434.166666666667,441.666666666667,465.333333333333,578.166666666667,414.166666666667,515.833333333333
"hsa-miR-181a-3p ",1112.16666666667,1150.66666666667,1112.16666666667,684.166666666667,455.833333333333,803
"hsa-miR-181a-5p ",17243.8333333333,18560.5,13590.5,148711,6434.66666666667,16526.6666666667
"hsa-miR-181b-3p ",106.333333333333,103.25,112,93.6666666666667,93.75,101.75
"hsa-miR-181b-5p ",2012,2241.5,1641.66666666667,4723,934.5,2574.83333333333
"hsa-miR-181c-3p ",210.333333333333,219.083333333333,194,256.833333333333,246.166666666667,220
"hsa-miR-181c-5p ",161.083333333333,171.833333333333,148.166666666667,297.166666666667,190.833333333333,201
"hsa-miR-181d-5p ",885.333333333333,956.5,651,2012,1144.83333333333,1051.5
"hsa-miR-182-5p ",114.166666666667,112,116.333333333333,106.833333333333,97.4166666666667,135.916666666667
"hsa-miR-183-5p ",95.5,92.1666666666667,100.333333333333,102.666666666667,101.166666666667,105.166666666667
"hsa-miR-185-3p ",143.416666666667,142.583333333333,152.25,206.5,150.75,154.166666666667
"hsa-miR-185-5p ",6922.83333333333,7903.66666666667,4820.16666666667,11559.1666666667,3433,6228.83333333333
"hsa-miR-186-5p ",7736.5,7736.5,6011.83333333333,7378.16666666667,6922.83333333333,7736.5
"hsa-miR-188-5p ",111.666666666667,114.75,121.083333333333,126.75,101.166666666667,113.666666666667
"hsa-miR-18a-3p ",96.9166666666667,94.1666666666667,96.3333333333333,105.333333333333,97.4166666666667,102.666666666667
"hsa-miR-18a-5p ",122.333333333333,128.333333333333,141.333333333333,101.833333333333,134.416666666667,155.5
"hsa-miR-1908-5p ",102.666666666667,113.666666666667,104.166666666667,152.25,93.75,122.5
"hsa-miR-190a-5p ",100.583333333333,94.1666666666667,108.166666666667,95.75,105.5,100.166666666667
"hsa-miR-190b-5p ",92.9166666666667,93.3333333333333,93.0833333333333,92.5,99.3333333333333,93.3333333333333
"hsa-miR-191-3p ",100.583333333333,98.5,98.5,111.833333333333,99.3333333333333,109.333333333333
"hsa-miR-191-5p ",37860.8333333333,37860.8333333333,37860.8333333333,60425,32465.5,37860.8333333333
"hsa-miR-192-5p ",343.666666666667,294.333333333333,278.666666666667,272.666666666667,336,458
"hsa-miR-193a-3p ",139,154.333333333333,146.166666666667,294.333333333333,113,141.416666666667
"hsa-miR-193a-5p ",1744.83333333333,2489.5,1268.83333333333,5794.33333333333,1202,2418.5
"hsa-miR-193b-3p ",1471.83333333333,1566.83333333333,1383.5,7903.66666666667,985,1842.16666666667
"hsa-miR-193b-5p ",175.333333333333,186.666666666667,143.666666666667,515.833333333333,148.333333333333,212.5
"hsa-miR-194-5p ",357.666666666667,299.333333333333,265.666666666667,209.666666666667,315.416666666667,347.833333333333
"hsa-miR-195-3p ",111.666666666667,110.166666666667,129.166666666667,106.166666666667,129.166666666667,113.666666666667
"hsa-miR-195-5p ",347.833333333333,309.5,509.833333333333,186.666666666667,694.333333333333,412.666666666667
"hsa-miR-196a-5p ",7378.16666666667,7118.66666666667,8609.16666666667,4439.16666666667,7903.66666666667,4439.16666666667
"hsa-miR-196b-3p ",108.416666666667,116.916666666667,102.416666666667,113.666666666667,102.666666666667,105.166666666667
"hsa-miR-196b-5p ",1963.5,1417.66666666667,2391.33333333333,1112.16666666667,2489.5,1687.66666666667
"hsa-miR-197-3p ",1383.5,1339.83333333333,1471.83333333333,2489.5,1457.83333333333,1464.83333333333
"hsa-miR-199a-3p ",194191.166666667,194191.166666667,194191.166666667,110003.583333333,226443.083333333,194191.166666667
"hsa-miR-199a-5p ",69027.3333333333,72483,69027.3333333333,63114.5,88611.3333333333,79368.8333333333
"hsa-miR-199b-3p ",194191.166666667,194191.166666667,194191.166666667,110003.583333333,226443.083333333,194191.166666667
"hsa-miR-199b-5p ",956.5,921.833333333333,921.833333333333,1603,2190,1417.66666666667
"hsa-miR-19a-3p ",146.166666666667,126.166666666667,132.75,119.25,159.166666666667,160.666666666667
"hsa-miR-19b-1-5p ",89,93.3333333333333,93.0833333333333,112.833333333333,94.5,103.5
"hsa-miR-19b-3p ",492.416666666667,515.833333333333,498.166666666667,1268.83333333333,636.666666666667,823
"hsa-miR-200a-3p ",186.666666666667,149.833333333333,138.75,144.75,267.083333333333,307
"hsa-miR-200a-5p ",90.5833333333333,90.1666666666667,94.3333333333333,94.9166666666667,104.166666666667,103.5
"hsa-miR-200b-3p ",203.333333333333,152.666666666667,189,146.25,472.166666666667,290.333333333333
"hsa-miR-200c-3p ",184.166666666667,133.5,149.5,133.5,171.416666666667,244.666666666667
"hsa-miR-203a-3p ",222.166666666667,211.75,211.75,154.916666666667,271,182.916666666667
"hsa-miR-203b-5p ",127.166666666667,126.166666666667,124.416666666667,111.833333333333,129.166666666667,122.5
"hsa-miR-20a-5p ",3924,2916.83333333333,4439.16666666667,366.333333333333,4820.16666666667,3433
"hsa-miR-21-3p ",1525.83333333333,1641.66666666667,1232,3385.5,1123.16666666667,2241.5
"hsa-miR-21-5p ",740471.5,740471.5,740471.5,647117.333333333,740471.5,740471.5
"hsa-miR-210-3p ",10045.6666666667,14291,6694.66666666667,26323.8333333333,4510.16666666667,3597
"hsa-miR-210-5p ",199.833333333333,206.5,184.166666666667,253.166666666667,154.916666666667,116.583333333333
"hsa-miR-2110 ",112.75,121.083333333333,106.416666666667,227.5,109.333333333333,130.166666666667
"hsa-miR-212-3p ",95.5,96.75,94.3333333333333,99.3333333333333,96,94.25
"hsa-miR-212-5p ",109.5,112,117.583333333333,102.666666666667,101.166666666667,110.166666666667
"hsa-miR-214-3p ",1641.66666666667,1669.66666666667,1718.66666666667,4567.66666666667,2241.5,3112.66666666667
"hsa-miR-214-5p ",1051.5,985,1024,1963.5,2012,2012
"hsa-miR-215-5p ",96,89,97.3333333333333,102.666666666667,96,106.166666666667
"hsa-miR-216a-5p ",100.583333333333,103.25,95.5,109.5,90.25,95.5
"hsa-miR-217-5p ",141.333333333333,139.5,138.75,197.583333333333,111.5,125.333333333333
"hsa-miR-218-5p ",205,184.166666666667,207.666666666667,122.5,257.166666666667,206.5
"hsa-miR-219a-1-3p ",92.9166666666667,90.1666666666667,91.1666666666667,102.666666666667,96,95.5
"hsa-miR-22-3p ",45579.6666666667,45579.6666666667,40711.1666666667,198409.5,29004.6666666667,72483
"hsa-miR-22-5p ",1806.83333333333,1806.83333333333,1943.66666666667,2096.16666666667,1870.5,2768.83333333333
"hsa-miR-221-3p ",148711,148711,119978.5,154252,100028.666666667,100028.666666667
"hsa-miR-221-5p ",2418.5,2548,2434.5,462.166666666667,3385.5,1911.16666666667
"hsa-miR-222-3p ",5442.83333333333,6011.83333333333,5794.33333333333,3878.66666666667,6011.83333333333,4648
"hsa-miR-222-5p ",199.833333333333,194.75,199.833333333333,107.75,161.5,133.833333333333
"hsa-miR-223-3p ",89.8333333333333,101.166666666667,89,92.5,89.4166666666667,100.75
"hsa-miR-224-3p ",137.5,136.666666666667,154.166666666667,147.5,218.833333333333,127.333333333333
"hsa-miR-224-5p ",2054.33333333333,1771.33333333333,2348.16666666667,1067,3112.66666666667,1566.83333333333
"hsa-miR-2277-5p ",154.333333333333,167,178.833333333333,144.75,164.25,171
"hsa-miR-2355-3p ",169.5,169.5,142.666666666667,332.833333333333,174.5,171
"hsa-miR-2355-5p ",96.9166666666667,94.1666666666667,99.3333333333333,93.6666666666667,100.333333333333,94.25
"hsa-miR-23a-3p ",24398,22428.5,26323.8333333333,13590.5,26323.8333333333,13590.5
"hsa-miR-23a-5p ",117.583333333333,106.166666666667,102.416666666667,152.25,138,132.75
"hsa-miR-23b-3p ",13590.5,10792.6666666667,14291,7736.5,14291,9423
"hsa-miR-23b-5p ",220,251.833333333333,211.75,458,221.5,276
"hsa-miR-24-1-5p ",129.916666666667,135.5,136.666666666667,122.5,124.416666666667,137
"hsa-miR-24-2-5p ",136.333333333333,135,126.166666666667,108.5,131.333333333333,100.75
"hsa-miR-24-3p ",75422.5,79368.8333333333,60425,75422.5,63114.5,69027.3333333333
"hsa-miR-25-3p ",9423,8609.16666666667,8880,8609.16666666667,11559.1666666667,10792.6666666667
"hsa-miR-2682-5p ",133.25,128.333333333333,142.666666666667,90.3333333333333,94.5,89.1666666666667
"hsa-miR-26a-1-3p ",98.1666666666667,94.1666666666667,106.416666666667,97.5833333333333,96,93.3333333333333
"hsa-miR-26a-2-3p ",148.166666666667,137.5,167,109.5,239.666666666667,120.916666666667
"hsa-miR-26a-5p ",133158.166666667,100028.666666667,148711,32465.5,189972.833333333,119978.5
"hsa-miR-26b-3p ",106.333333333333,108.083333333333,110.666666666667,124.333333333333,111.5,107.333333333333
"hsa-miR-26b-5p ",3264.33333333333,2574.83333333333,4648,603.666666666667,7378.16666666667,2391.33333333333
"hsa-miR-27a-3p ",72483,69027.3333333333,88611.3333333333,13055.8333333333,79368.8333333333,45579.6666666667
"hsa-miR-27a-5p ",1771.33333333333,2012,1525.83333333333,3480.83333333333,2978,3793.16666666667
"hsa-miR-27b-3p ",154252,167204,167204,133158.166666667,148711,148711
"hsa-miR-27b-5p ",515.833333333333,566,482.5,1457.83333333333,627.333333333333,836.5
"hsa-miR-28-3p ",4331.16666666667,4820.16666666667,3264.33333333333,10792.6666666667,5442.83333333333,7118.66666666667
"hsa-miR-28-5p ",1687.66666666667,1687.66666666667,1603,1806.83333333333,2096.16666666667,2978
"hsa-miR-296-3p ",149.5,172.666666666667,131,722,154.916666666667,232.666666666667
"hsa-miR-296-5p ",151.583333333333,146.25,124.416666666667,122.5,148.333333333333,141.416666666667
"hsa-miR-299-3p ",299.333333333333,329.833333333333,274.333333333333,412.666666666667,338.833333333333,281.333333333333
"hsa-miR-299-5p ",220,237.833333333333,329.833333333333,131,274.333333333333,148.5
"hsa-miR-29a-3p ",83763.6666666667,88611.3333333333,83763.6666666667,79368.8333333333,72483,83763.6666666667
"hsa-miR-29a-5p ",125.833333333333,136.666666666667,118.916666666667,168.833333333333,130.333333333333,126.75
"hsa-miR-29b-1-5p ",153.333333333333,141.333333333333,157.666666666667,137.5,138,146.916666666667
"hsa-miR-29b-2-5p ",92.9166666666667,96.75,92,117.583333333333,99.3333333333333,96.6666666666667
"hsa-miR-29b-3p ",921.833333333333,1024,823,3209.33333333333,1067,1603
"hsa-miR-29c-3p ",590.666666666667,552.166666666667,515.833333333333,823,899.666666666667,694.333333333333
"hsa-miR-29c-5p ",295.75,322.666666666667,253.166666666667,956.5,343.666666666667,394.583333333333
"hsa-miR-301a-5p ",108.416666666667,104.416666666667,121.083333333333,93.6666666666667,106.75,112.833333333333
"hsa-miR-301b-3p ",96.9166666666667,95.5,98.5,95.75,96,99.3333333333333
"hsa-miR-3065-5p ",106.333333333333,110.166666666667,101.166666666667,111.833333333333,99.3333333333333,130.166666666667
"hsa-miR-3074-3p ",142,151.583333333333,163.666666666667,112.833333333333,201,148.166666666667
"hsa-miR-3074-5p ",40711.1666666667,40711.1666666667,45579.6666666667,14291,45579.6666666667,29004.6666666667
"hsa-miR-30a-3p ",4210.33333333333,4006.33333333333,3697.66666666667,5716.16666666667,4979.33333333333,4210.33333333333
"hsa-miR-30a-5p ",19465.8333333333,17243.8333333333,19465.8333333333,7118.66666666667,27474.8333333333,13055.8333333333
"hsa-miR-30b-3p ",121.083333333333,126.166666666667,117.583333333333,234.333333333333,133,128.333333333333
"hsa-miR-30b-5p ",2434.5,2348.16666666667,2768.83333333333,2391.33333333333,4648,2548
"hsa-miR-30c-1-3p ",129.916666666667,130.75,131,154.916666666667,142.666666666667,137
"hsa-miR-30c-2-3p ",593.666666666667,660.333333333333,546,1669.66666666667,643.833333333333,934.5
"hsa-miR-30c-5p ",7903.66666666667,6694.66666666667,9423,2548,17243.8333333333,5442.83333333333
"hsa-miR-30d-3p ",148.166666666667,146.25,133.666666666667,221.833333333333,144,174.5
"hsa-miR-30d-5p ",4979.33333333333,5140.33333333333,4979.33333333333,3264.33333333333,8880,5794.33333333333
"hsa-miR-30e-3p ",1253.33333333333,1075.08333333333,1566.83333333333,593.666666666667,2149.33333333333,985
"hsa-miR-30e-5p ",1167.33333333333,1185.16666666667,1051.5,899.666666666667,1911.16666666667,1268.83333333333
"hsa-miR-31-3p ",173.666666666667,161.083333333333,205,158,204.166666666667,174.5
"hsa-miR-31-5p ",2190,2696.83333333333,2096.16666666667,1943.66666666667,2348.16666666667,2149.33333333333
"hsa-miR-3117-3p ",96.9166666666667,95.5,99.3333333333333,90.3333333333333,91.5833333333333,89.1666666666667
"hsa-miR-3120-3p ",257.166666666667,229.25,237.833333333333,299.333333333333,441.666666666667,358.583333333333
"hsa-miR-3120-5p ",117.583333333333,123.166666666667,108.166666666667,117.583333333333,118.333333333333,111.833333333333
"hsa-miR-3129-3p ",117.583333333333,106.166666666667,110.666666666667,105.333333333333,141.333333333333,112.333333333333
"hsa-miR-3133 ",91.8333333333333,89.4166666666667,91.1666666666667,92.5,105.5,92.8333333333333
"hsa-miR-3136-5p ",92.9166666666667,93.3333333333333,95.5,93.6666666666667,96,92.8333333333333
"hsa-miR-3152-5p ",114.166666666667,106.166666666667,113.75,95.75,104.166666666667,115.166666666667
"hsa-miR-3158-3p ",191.666666666667,219.083333333333,148.166666666667,803,196.833333333333,352
"hsa-miR-3158-5p ",96.9166666666667,108.083333333333,92,137.5,97.4166666666667,102.666666666667
"hsa-miR-3167 ",106.333333333333,98.5,104.166666666667,93.6666666666667,93.75,94.25
"hsa-miR-3179 ",95.5,93.3333333333333,94.3333333333333,90.3333333333333,96,90
"hsa-miR-3180-3p ",94.1666666666667,101.166666666667,94.3333333333333,110.666666666667,91.5833333333333,94.25
"hsa-miR-3184-3p ",3409.25,3647.33333333333,2674.33333333333,6331.75,3236.83333333333,5199.08333333333
"hsa-miR-3184-5p ",1718.66666666667,1943.66666666667,1288.16666666667,5140.33333333333,1963.5,3697.66666666667
"hsa-miR-32-3p ",104.083333333333,95.5,115,92.5,117.583333333333,96.6666666666667
"hsa-miR-32-5p ",694.333333333333,453.666666666667,753.166666666667,178.833333333333,772.166666666667,633
"hsa-miR-320a-3p ",8609.16666666667,8880,5140.33333333333,88611.3333333333,7736.5,15990.1666666667
"hsa-miR-320b ",583,684.166666666667,412.666666666667,5529.16666666667,633,1771.33333333333
"hsa-miR-320c ",158,199.833333333333,146.166666666667,1232,186.666666666667,415.666666666667
"hsa-miR-320d ",133.25,136.666666666667,101.166666666667,418.083333333333,121.25,206.5
"hsa-miR-323a-3p ",530.666666666667,482.5,592.166666666667,192,420.5,272.666666666667
"hsa-miR-323b-3p ",390.666666666667,418.083333333333,415.666666666667,141.333333333333,352,194.75
"hsa-miR-324-3p ",104.083333333333,112,112,190,109.333333333333,129.166666666667
"hsa-miR-324-5p ",121.083333333333,128.333333333333,118.916666666667,201,134.416666666667,144.75
"hsa-miR-328-3p ",1150.66666666667,1268.83333333333,1083.16666666667,3433,1417.66666666667,1669.66666666667
"hsa-miR-329-3p ",772.166666666667,872.5,722,337.416666666667,578.166666666667,450.416666666667
"hsa-miR-329-5p ",96.9166666666667,95.5,97.3333333333333,100.833333333333,93.75,93.3333333333333
"hsa-miR-330-3p ",196.166666666667,225.5,176.083333333333,418.083333333333,215.166666666667,281.333333333333
"hsa-miR-330-5p ",151.583333333333,148.166666666667,146.166666666667,337.416666666667,140,228.25
"hsa-miR-331-3p ",271.833333333333,352,195.5,1253.33333333333,219.333333333333,525.333333333333
"hsa-miR-331-5p ",117.583333333333,113.666666666667,126.166666666667,97.5833333333333,122.75,111.833333333333
"hsa-miR-335-3p ",934.5,651,1669.66666666667,143.416666666667,885.333333333333,566
"hsa-miR-335-5p ",1401.66666666667,1383.5,1771.33333333333,371.666666666667,1253.33333333333,1139
"hsa-miR-337-3p ",750,627.333333333333,872.5,199.833333333333,704.166666666667,297.166666666667
"hsa-miR-337-5p ",264.333333333333,282.166666666667,246.166666666667,237.833333333333,192.333333333333,228.25
"hsa-miR-339-3p ",742.166666666667,795.166666666667,566,2978,803,1150.66666666667
"hsa-miR-339-5p ",1268.83333333333,1202,1202,552.166666666667,1401.66666666667,909.166666666667
"hsa-miR-33a-3p ",96.9166666666667,96.75,115,93.6666666666667,109.333333333333,100.166666666667
"hsa-miR-33a-5p ",108.416666666667,101.166666666667,100.333333333333,142.583333333333,102.666666666667,119.666666666667
"hsa-miR-340-3p ",128.333333333333,106.166666666667,162.5,93.6666666666667,157.416666666667,106.583333333333
"hsa-miR-340-5p ",2696.83333333333,2978,2916.83333333333,1051.5,3878.66666666667,3480.83333333333
"hsa-miR-342-3p ",377.666666666667,357.666666666667,347.833333333333,402.833333333333,298.25,278.666666666667
"hsa-miR-345-5p ",398.5,458,377.666666666667,2651.83333333333,455.833333333333,1024
"hsa-miR-34a-3p ",99.3333333333333,98.5,104.166666666667,93.6666666666667,91.5833333333333,91.8333333333333
"hsa-miR-34a-5p ",1870.5,1870.5,2241.5,1718.66666666667,1566.83333333333,1401.66666666667
"hsa-miR-34c-3p ",123.333333333333,122.166666666667,135.25,142.583333333333,109.333333333333,101.75
"hsa-miR-34c-5p ",1417.66666666667,1457.83333333333,1417.66666666667,872.5,780.333333333333,729
"hsa-miR-3529-3p ",4771.58333333333,4270.75,5486,1890.83333333333,3745.41666666667,8256.41666666667
"hsa-miR-3605-3p ",101.75,116,106.416666666667,118.5,101.166666666667,100.166666666667
"hsa-miR-3605-5p ",94.1666666666667,98.5,96.3333333333333,105.333333333333,91.5833333333333,91.1666666666667
"hsa-miR-361-3p ",4006.33333333333,3924,3112.66666666667,2768.83333333333,5794.33333333333,4820.16666666667
"hsa-miR-361-5p ",1139,962.5,1339.83333333333,325.583333333333,1603,704.166666666667
"hsa-miR-3613-3p ",96.9166666666667,94.1666666666667,93.0833333333333,99.3333333333333,93.75,93.8333333333333
"hsa-miR-3613-5p ",795.166666666667,699.25,909.166666666667,218.833333333333,1744.83333333333,772.166666666667
"hsa-miR-3615 ",164.833333333333,154.333333333333,124.416666666667,265,204.166666666667,244.666666666667
"hsa-miR-362-3p ",110.166666666667,118.916666666667,109.333333333333,97.5833333333333,121.25,112.333333333333
"hsa-miR-362-5p ",366.333333333333,382.166666666667,402.833333333333,694.333333333333,434.166666666667,660.333333333333
"hsa-miR-363-3p ",99.3333333333333,90.1666666666667,92,97.5833333333333,104.166666666667,113.666666666667
"hsa-miR-365a-3p ",3045.33333333333,2169.66666666667,3409.25,787.75,2561.41666666667,1193.58333333333
"hsa-miR-365a-5p ",194,190.833333333333,169.5,343.666666666667,159.166666666667,237.833333333333
"hsa-miR-365b-3p ",3045.33333333333,2169.66666666667,3409.25,787.75,2561.41666666667,1193.58333333333
"hsa-miR-365b-5p ",96,99.3333333333333,97.3333333333333,111.833333333333,92.8333333333333,107.333333333333
"hsa-miR-369-3p ",2096.16666666667,1842.16666666667,2489.5,268.5,1687.66666666667,753.166666666667
"hsa-miR-369-5p ",836.5,699.25,956.5,141.333333333333,746.833333333333,394.583333333333
"hsa-miR-370-3p ",8880,10045.6666666667,6228.83333333333,17243.8333333333,4723,10045.6666666667
"hsa-miR-370-5p ",115.166666666667,109.333333333333,112.833333333333,92.5,116.333333333333,98.5833333333333
"hsa-miR-374a-3p ",546,434.166666666667,899.666666666667,161.083333333333,1167.33333333333,472.166666666667
"hsa-miR-374a-5p ",2768.83333333333,2418.5,4331.16666666667,317,5140.33333333333,1806.83333333333
"hsa-miR-374b-3p ",167,148.166666666667,237.833333333333,101.833333333333,278.666666666667,131.166666666667
"hsa-miR-374b-5p ",2369.75,1731.75,3835.91666666667,303.75,4270.75,1117.66666666667
"hsa-miR-374c-3p ",2369.75,1731.75,3835.91666666667,303.75,4270.75,1117.66666666667
"hsa-miR-375-3p ",124.416666666667,95.5,90,111.833333333333,92.8333333333333,111.25
"hsa-miR-376a-3p ",295.75,253.166666666667,317,118.5,235.416666666667,228.25
"hsa-miR-376a-5p ",133.25,130.75,129.166666666667,106.166666666667,124.416666666667,101.75
"hsa-miR-376b-3p ",106.333333333333,116,108.166666666667,154.916666666667,97.4166666666667,111.25
"hsa-miR-376b-5p ",127.166666666667,122.166666666667,138.75,96.6666666666667,116.333333333333,107.333333333333
"hsa-miR-376c-3p ",985,1075.08333333333,795.166666666667,1083.16666666667,836.5,780.333333333333
"hsa-miR-377-3p ",332.833333333333,347.833333333333,325.583333333333,509.833333333333,286.333333333333,294.333333333333
"hsa-miR-377-5p ",381,427,366.333333333333,482.5,290.333333333333,299.333333333333
"hsa-miR-378a-3p ",4648,6922.83333333333,3597,27474.8333333333,3597,11559.1666666667
"hsa-miR-378a-5p ",146.166666666667,157.833333333333,161.083333333333,184.166666666667,153.333333333333,167
"hsa-miR-378c ",552.166666666667,772.166666666667,338.833333333333,5442.83333333333,398.5,1288.16666666667
"hsa-miR-378d ",260.333333333333,343.666666666667,172.666666666667,2054.33333333333,176.833333333333,603.666666666667
"hsa-miR-379-3p ",427,390.666666666667,643.833333333333,106.166666666667,447.166666666667,164.833333333333
"hsa-miR-379-5p ",15990.1666666667,15990.1666666667,16526.6666666667,8880,12718.3333333333,8880
"hsa-miR-380-3p ",138.5,132.5,150.166666666667,92.5,124.416666666667,94.25
"hsa-miR-381-3p ",16526.6666666667,16526.6666666667,17243.8333333333,24398,16526.6666666667,17243.8333333333
"hsa-miR-382-3p ",1067,1002,1185.16666666667,281.333333333333,1185.16666666667,640.25
"hsa-miR-382-5p ",3597,3878.66666666667,2548,3793.16666666667,2434.5,2190
"hsa-miR-3909 ",236.5,215.166666666667,290.333333333333,168.833333333333,212.5,194.75
"hsa-miR-3912-3p ",91.8333333333333,95.5,96.3333333333333,92.5,105.5,93.3333333333333
"hsa-miR-3913-3p ",95.5,100.166666666667,94.3333333333333,121.083333333333,100.333333333333,95.5
"hsa-miR-3913-5p ",95.5,100.166666666667,94.3333333333333,121.083333333333,100.333333333333,95.5
"hsa-miR-3928-3p ",107.583333333333,129.666666666667,96.3333333333333,236.5,109.333333333333,117.333333333333
"hsa-miR-3934-5p ",122.333333333333,116.916666666667,112,114.75,113,106.166666666667
"hsa-miR-3940-3p ",92.9166666666667,96.75,94.3333333333333,109.5,105.5,106.166666666667
"hsa-miR-409-3p ",5716.16666666667,7378.16666666667,4510.16666666667,6011.83333333333,3480.83333333333,4006.33333333333
"hsa-miR-409-5p ",1943.66666666667,1963.5,1870.5,633,1771.33333333333,1067
"hsa-miR-410-3p ",566,616.5,684.166666666667,151.333333333333,515.833333333333,336
"hsa-miR-410-5p ",94.1666666666667,101.166666666667,93.0833333333333,114.75,89.4166666666667,95.5
"hsa-miR-411-3p ",684.166666666667,472.166666666667,885.333333333333,112.833333333333,651,239.666666666667
"hsa-miR-411-5p ",6011.83333333333,4567.66666666667,7736.5,377.666666666667,5716.16666666667,2696.83333333333
"hsa-miR-412-5p ",212.5,221.5,280.5,107.75,215.166666666667,141
"hsa-miR-421 ",215.666666666667,198.333333333333,229,154.916666666667,221.5,206.5
"hsa-miR-423-3p ",18560.5,19465.8333333333,15990.1666666667,37860.8333333333,18560.5,22428.5
"hsa-miR-423-5p ",3409.25,3647.33333333333,2674.33333333333,6331.75,3236.83333333333,5199.08333333333
"hsa-miR-424-3p ",188,162.5,197.583333333333,131,114.75,126.166666666667
"hsa-miR-424-5p ",303,258.916666666667,295.75,125.333333333333,167,143.416666666667
"hsa-miR-425-3p ",155.5,157.833333333333,155.5,206.5,131.333333333333,131.166666666667
"hsa-miR-425-5p ",482.5,539.666666666667,434.166666666667,1024,427,509.833333333333
"hsa-miR-4286 ",112.75,177.833333333333,131,203.333333333333,113,151.833333333333
"hsa-miR-429 ",112.75,104.416666666667,102.416666666667,105.333333333333,131.333333333333,157.833333333333
"hsa-miR-431-3p ",111.666666666667,116,115,108.5,105.5,99.3333333333333
"hsa-miR-431-5p ",441.666666666667,462.166666666667,472.166666666667,359.5,331.333333333333,317
"hsa-miR-432-5p ",803,885.333333333333,627.333333333333,1383.5,462.166666666667,651
"hsa-miR-433-3p ",371.666666666667,418.083333333333,390.666666666667,251.833333333333,264.333333333333,260.333333333333
"hsa-miR-4421 ",91.8333333333333,90.1666666666667,90,100.833333333333,96,96
"hsa-miR-4423-5p ",90.5833333333333,91.1666666666667,90,95.75,90.25,105.166666666667
"hsa-miR-4473 ",100.583333333333,100.166666666667,112,99.3333333333333,104.166666666667,97.3333333333333
"hsa-miR-4485-3p ",96.9166666666667,104.416666666667,105.333333333333,90.3333333333333,89.4166666666667,89.1666666666667
"hsa-miR-449a ",96,97.5833333333333,100.333333333333,93.6666666666667,118.333333333333,96
"hsa-miR-449c-5p ",92.9166666666667,93.3333333333333,94.3333333333333,98.6666666666667,116.333333333333,102.666666666667
"hsa-miR-450a-5p ",322.666666666667,243.75,309.5,114.75,172.666666666667,157.833333333333
"hsa-miR-450b-5p ",199.833333333333,196.833333333333,264.333333333333,99.3333333333333,184.166666666667,110.166666666667
"hsa-miR-451a ",163.083333333333,108.083333333333,96.3333333333333,232.666666666667,113,198.333333333333
"hsa-miR-452-5p ",465.333333333333,465.333333333333,381,1771.33333333333,742.166666666667,578.166666666667
"hsa-miR-4521 ",98.1666666666667,99.3333333333333,90,94.9166666666667,92.8333333333333,91.8333333333333
"hsa-miR-454-3p ",191.666666666667,161.083333333333,271,108.5,280.5,142.583333333333
"hsa-miR-454-5p ",105.333333333333,101.166666666667,106.416666666667,102.666666666667,105.5,93.3333333333333
"hsa-miR-455-3p ",329.833333333333,290.333333333333,358.583333333333,206.5,322.666666666667,450.416666666667
"hsa-miR-455-5p ",2241.5,2651.83333333333,2054.33333333333,4510.16666666667,2418.5,5716.16666666667
"hsa-miR-4677-3p ",125.833333333333,123.166666666667,122,117.583333333333,136.5,133.5
"hsa-miR-4683 ",100.583333333333,95.5,100.333333333333,115.833333333333,99.3333333333333,110.166666666667
"hsa-miR-4742-3p ",89.8333333333333,89,96.3333333333333,90.3333333333333,96,90
"hsa-miR-4746-5p ",95.5,90.1666666666667,94.3333333333333,104.166666666667,91.5833333333333,100.166666666667
"hsa-miR-4775 ",252.5,192.333333333333,371.666666666667,99.3333333333333,146.25,111.833333333333
"hsa-miR-483-3p ",104.083333333333,104.416666666667,100.333333333333,148.166666666667,91.5833333333333,101.75
"hsa-miR-483-5p ",114.166666666667,118.333333333333,105.333333333333,616.5,99.3333333333333,118.833333333333
"hsa-miR-484 ",1123.16666666667,1139,1002,746.833333333333,1669.66666666667,1253.33333333333
"hsa-miR-485-3p ",636.666666666667,722,603.666666666667,453.666666666667,371.666666666667,338.833333333333
"hsa-miR-485-5p ",244.666666666667,243.75,214.666666666667,278.666666666667,229.5,191.666666666667
"hsa-miR-486-3p ",338.833333333333,371.666666666667,295.75,221.833333333333,126.166666666667,150.75
"hsa-miR-486-5p ",1185.16666666667,1288.16666666667,985,636.666666666667,315.416666666667,482.5
"hsa-miR-487a-3p ",210.333333333333,229.25,232.666666666667,116.166666666667,150.75,152.666666666667
"hsa-miR-487a-5p ",143.416666666667,151.583333333333,144.333333333333,173.166666666667,136.5,116
"hsa-miR-487b-3p ",627.333333333333,593.666666666667,660.333333333333,281.333333333333,546,383.333333333333
"hsa-miR-487b-5p ",102.666666666667,95.5,100.333333333333,93.6666666666667,96,91.8333333333333
"hsa-miR-490-3p ",225.5,304.5,243.75,836.5,225.5,539.666666666667
"hsa-miR-490-5p ",128.333333333333,128.333333333333,142.666666666667,115.833333333333,113,157.833333333333
"hsa-miR-491-5p ",136.333333333333,124.833333333333,118.916666666667,347.833333333333,129.166666666667,122.5
"hsa-miR-493-3p ",4567.66666666667,5529.16666666667,4723,3112.66666666667,1842.16666666667,3209.33333333333
"hsa-miR-493-5p ",6434.66666666667,4648,10045.6666666667,772.166666666667,4006.33333333333,1744.83333333333
"hsa-miR-494-3p ",336,297.166666666667,332.833333333333,114.75,298.25,186.666666666667
"hsa-miR-494-5p ",105.333333333333,114.75,105.333333333333,133.5,106.75,114.75
"hsa-miR-495-3p ",1339.83333333333,1112.16666666667,1806.83333333333,934.5,962.5,742.166666666667
"hsa-miR-496 ",107.583333333333,106.166666666667,118.916666666667,101.833333333333,119,93.3333333333333
"hsa-miR-497-5p ",178.833333333333,194.75,186.666666666667,381,194,251.833333333333
"hsa-miR-499a-5p ",117.583333333333,106.166666666667,115,95.75,164.25,117.333333333333
"hsa-miR-499b-3p ",91.8333333333333,93.3333333333333,96.3333333333333,90.3333333333333,99.3333333333333,97.3333333333333
"hsa-miR-500a-3p ",539.666666666667,530.666666666667,427,1401.66666666667,525.333333333333,795.166666666667
"hsa-miR-500a-5p ",125.833333333333,127,124.416666666667,124.333333333333,134.416666666667,112.333333333333
"hsa-miR-501-3p ",359.5,334.416666666667,358.583333333333,427,331.333333333333,486.666666666667
"hsa-miR-5010-3p ",94.1666666666667,93.3333333333333,98.5,95.75,96,95.5
"hsa-miR-502-3p ",1002,1051.5,746.833333333333,1687.66666666667,1002,1464.83333333333
"hsa-miR-503-5p ",232.666666666667,215.166666666667,207.666666666667,135.5,127.166666666667,146.166666666667
"hsa-miR-504-5p ",328.5,328.5,420.5,246.166666666667,1471.83333333333,434.166666666667
"hsa-miR-505-3p ",267.083333333333,256.833333333333,257.166666666667,352,228.25,271
"hsa-miR-505-5p ",100.583333333333,96.75,102.416666666667,94.9166666666667,96,92.8333333333333
"hsa-miR-532-3p ",383.333333333333,402.833333333333,352,447.166666666667,414.166666666667,640.25
"hsa-miR-532-5p ",3480.83333333333,3480.83333333333,3209.33333333333,2426.5,3924,3924
"hsa-miR-539-3p ",412.666666666667,377.666666666667,552.166666666667,113.666666666667,357.666666666667,182.916666666667
"hsa-miR-539-5p ",123.333333333333,122.166666666667,118.916666666667,102.666666666667,109.333333333333,101.75
"hsa-miR-541-3p ",96.9166666666667,96.75,92,99.3333333333333,92.8333333333333,92.8333333333333
"hsa-miR-541-5p ",95.5,102.333333333333,95.5,110.666666666667,91.5833333333333,95.5
"hsa-miR-542-3p ",237.833333333333,236.5,172.666666666667,265,127.166666666667,150.75
"hsa-miR-543 ",1024,899.666666666667,1150.66666666667,171,753.166666666667,586.833333333333
"hsa-miR-548a-3p ",106.333333333333,108.083333333333,112.833333333333,100.833333333333,127.166666666667,121.333333333333
"hsa-miR-548aa ",100.583333333333,92.1666666666667,94.3333333333333,96.6666666666667,96,94.25
"hsa-miR-548ab ",108.416666666667,104.416666666667,105.333333333333,96.6666666666667,93.75,92.8333333333333
"hsa-miR-548ad-5p ",96.9166666666667,96.75,100.333333333333,90.3333333333333,105.5,99.3333333333333
"hsa-miR-548ae-5p ",96.9166666666667,96.75,100.333333333333,90.3333333333333,105.5,99.3333333333333
"hsa-miR-548ah-3p ",94.1666666666667,90.1666666666667,97.3333333333333,96.6666666666667,96,108.083333333333
"hsa-miR-548aj-5p ",99.3333333333333,95.5,104.166666666667,100.833333333333,106.75,96
"hsa-miR-548aq-3p ",99.3333333333333,95.5,104.166666666667,100.833333333333,106.75,96
"hsa-miR-548ar-3p ",92.9166666666667,93.3333333333333,98.5,90.3333333333333,100.333333333333,94.25
"hsa-miR-548ay-3p ",104.083333333333,99.3333333333333,113.75,93.6666666666667,97.4166666666667,97.3333333333333
"hsa-miR-548ay-5p ",112.75,104.416666666667,116.333333333333,90.3333333333333,124.416666666667,104.166666666667
"hsa-miR-548ba ",91.8333333333333,93.3333333333333,93.0833333333333,100.833333333333,101.166666666667,91.8333333333333
"hsa-miR-548bc ",95.5,99.3333333333333,102.416666666667,99.3333333333333,99.3333333333333,97.3333333333333
"hsa-miR-548d-5p ",117.583333333333,106.166666666667,123.166666666667,94.9166666666667,124.416666666667,106.583333333333
"hsa-miR-548e-3p ",163.083333333333,188,221.833333333333,111.833333333333,195.5,157.833333333333
"hsa-miR-548f-5p ",100.583333333333,104.416666666667,108.166666666667,100.833333333333,102.666666666667,103.5
"hsa-miR-548g-5p ",99.3333333333333,95.5,104.166666666667,100.833333333333,106.75,96
"hsa-miR-548h-5p ",106.333333333333,100.166666666667,105.333333333333,93.6666666666667,96,108.5
"hsa-miR-548k ",229.25,208.666666666667,207.666666666667,158,244.666666666667,234.333333333333
"hsa-miR-548n ",94.1666666666667,92.1666666666667,89,90.3333333333333,100.333333333333,94.25
"hsa-miR-548o-3p ",143.416666666667,144,181.666666666667,110.666666666667,190.833333333333,171
"hsa-miR-548t-3p ",100.583333333333,92.1666666666667,94.3333333333333,96.6666666666667,96,94.25
"hsa-miR-548u ",96.9166666666667,100.166666666667,97.3333333333333,101.833333333333,102.666666666667,97.3333333333333
"hsa-miR-548w ",104.083333333333,92.1666666666667,99.3333333333333,95.75,100.333333333333,97.3333333333333
"hsa-miR-548x-5p ",99.3333333333333,95.5,104.166666666667,100.833333333333,106.75,96
"hsa-miR-549a-3p ",148.166666666667,149.833333333333,157.666666666667,119.25,105.5,105.5
"hsa-miR-549a-5p ",129.916666666667,159.166666666667,129.166666666667,133.5,107.916666666667,105.166666666667
"hsa-miR-550a-3p ",99.3333333333333,99.3333333333333,99.3333333333333,94.9166666666667,107.916666666667,99.3333333333333
"hsa-miR-550a-5p ",105.333333333333,112,109.333333333333,122.5,102.666666666667,118
"hsa-miR-550b-2-5p ",99.3333333333333,99.3333333333333,99.3333333333333,94.9166666666667,107.916666666667,99.3333333333333
"hsa-miR-561-5p ",91.8333333333333,96.75,94.3333333333333,106.166666666667,97.4166666666667,104.166666666667
"hsa-miR-5699-3p ",90.5833333333333,96.75,97.3333333333333,100.833333333333,92.8333333333333,105.5
"hsa-miR-5699-5p ",96,112,102.416666666667,122.5,99.3333333333333,108.083333333333
"hsa-miR-574-3p ",5257.83333333333,4510.16666666667,6434.66666666667,3924,5257.83333333333,3385.5
"hsa-miR-574-5p ",962.5,1167.33333333333,836.5,2348.16666666667,1024,1383.5
"hsa-miR-576-3p ",196.166666666667,221.5,192,729,267.083333333333,332.833333333333
"hsa-miR-576-5p ",136.333333333333,110.166666666667,133.666666666667,116.583333333333,174.5,119.666666666667
"hsa-miR-579-3p ",94.1666666666667,93.3333333333333,93.0833333333333,92.5,96,92.8333333333333
"hsa-miR-579-5p ",90.5833333333333,101.166666666667,93.0833333333333,118.5,90.25,109.333333333333
"hsa-miR-580-3p ",89.8333333333333,97.5833333333333,91.1666666666667,104.166666666667,99.3333333333333,91.1666666666667
"hsa-miR-582-3p ",234.333333333333,269.75,243.75,398.5,382.166666666667,427
"hsa-miR-582-5p ",169.5,164.25,201,146.25,210.333333333333,149.5
"hsa-miR-584-5p ",172.25,173.666666666667,171,149,162.5,209.666666666667
"hsa-miR-589-5p ",280.5,317,268.5,1002,274.333333333333,462.166666666667
"hsa-miR-590-3p ",158,130.166666666667,229,90.3333333333333,221.5,113.666666666667
"hsa-miR-598-3p ",229.25,211.75,251.833333333333,143.416666666667,147.5,154.166666666667
"hsa-miR-615-3p ",2574.83333333333,2768.83333333333,1911.16666666667,4648,2054.33333333333,4979.33333333333
"hsa-miR-616-5p ",92.9166666666667,90.1666666666667,101.166666666667,95.75,104.166666666667,96.6666666666667
"hsa-miR-618 ",109.5,106.166666666667,104.166666666667,90.3333333333333,97.4166666666667,100.75
"hsa-miR-624-5p ",110.833333333333,100.166666666667,121.083333333333,90.3333333333333,121.25,108.083333333333
"hsa-miR-625-3p ",158,139.5,168.166666666667,117.583333333333,237.833333333333,189
"hsa-miR-625-5p ",112.75,113.666666666667,101.166666666667,106.833333333333,111.5,114.75
"hsa-miR-627-3p ",90.5833333333333,89.4166666666667,97.3333333333333,90.3333333333333,101.166666666667,90
"hsa-miR-628-5p ",246.166666666667,205,260.333333333333,108.5,260.333333333333,192.333333333333
"hsa-miR-629-3p ",94.1666666666667,93.3333333333333,92,95.75,96,90.8333333333333
"hsa-miR-629-5p ",176.833333333333,175.333333333333,152.25,530.666666666667,121.25,168.166666666667
"hsa-miR-641 ",129.916666666667,109.333333333333,129.166666666667,110.666666666667,134.416666666667,116
"hsa-miR-642a-3p ",89,91.1666666666667,91.1666666666667,96.6666666666667,96,91.8333333333333
"hsa-miR-642a-5p ",98.1666666666667,93.3333333333333,96.3333333333333,106.166666666667,146.25,98.5833333333333
"hsa-miR-642b-5p ",89,91.1666666666667,91.1666666666667,96.6666666666667,96,91.8333333333333
"hsa-miR-6500-3p ",112.75,108.083333333333,110.666666666667,116.583333333333,130.333333333333,123.583333333333
"hsa-miR-651-5p ",169.5,154.333333333333,164.833333333333,107.75,282.166666666667,220
"hsa-miR-6511b-3p ",108.416666666667,118.333333333333,112,131,102.666666666667,110.166666666667
"hsa-miR-652-3p ",124.416666666667,144,132.75,220.666666666667,142.666666666667,215.666666666667
"hsa-miR-654-3p ",3697.66666666667,3793.16666666667,4006.33333333333,590.666666666667,2916.83333333333,1718.66666666667
"hsa-miR-654-5p ",450.416666666667,509.833333333333,453.666666666667,434.166666666667,366.333333333333,441.666666666667
"hsa-miR-655-3p ",704.166666666667,603.666666666667,772.166666666667,150.166666666667,729,322.666666666667
"hsa-miR-656-3p ",660.333333333333,525.333333333333,962.5,124.333333333333,1288.16666666667,286.333333333333
"hsa-miR-656-5p ",91.8333333333333,98.5,94.3333333333333,109.5,100.333333333333,92.8333333333333
"hsa-miR-659-5p ",110.833333333333,118.916666666667,108.166666666667,257.5,117.583333333333,128.333333333333
"hsa-miR-660-3p ",99.3333333333333,104.416666666667,102.416666666667,102.666666666667,99.3333333333333,97.3333333333333
"hsa-miR-660-5p ",252.5,269.75,303,163.666666666667,303,244.666666666667
"hsa-miR-664a-3p ",415.666666666667,366.333333333333,633,140,583,214.666666666667
"hsa-miR-664a-5p ",191.666666666667,233.5,172.666666666667,465.333333333333,188,174.5
"hsa-miR-664b-3p ",108.416666666667,108.083333333333,110.666666666667,104.166666666667,111.5,100.166666666667
"hsa-miR-665 ",277.333333333333,398.5,221.833333333333,286.333333333333,171.416666666667,264.333333333333
"hsa-miR-668-3p ",96,101.166666666667,100.333333333333,94.9166666666667,102.666666666667,90
"hsa-miR-671-3p ",172.25,203.333333333333,176.083333333333,229,159.166666666667,236.5
"hsa-miR-671-5p ",140.5,181.666666666667,138.75,566,121.25,189
"hsa-miR-6716-3p ",96.9166666666667,95.5,90,108.5,91.5833333333333,98.5833333333333
"hsa-miR-6720-3p ",117.583333333333,113.666666666667,113.75,128.166666666667,113,123.583333333333
"hsa-miR-7-1-3p ",133.25,112,154.166666666667,99.3333333333333,141.333333333333,108.5
"hsa-miR-7-5p ",4771.58333333333,4270.75,5486,1890.83333333333,3745.41666666667,8256.41666666667
"hsa-miR-708-3p ",146.166666666667,124.083333333333,126.166666666667,242.833333333333,168.833333333333,222.166666666667
"hsa-miR-708-5p ",651,578.166666666667,525.333333333333,1139,1083.16666666667,1083.16666666667
"hsa-miR-744-3p ",101.75,102.333333333333,98.5,99.3333333333333,102.666666666667,94.25
"hsa-miR-744-5p ",1603,2054.33333333333,1253.33333333333,4210.33333333333,1339.83333333333,2096.16666666667
"hsa-miR-758-3p ",722,729,780.333333333333,244.666666666667,566,552.166666666667
"hsa-miR-766-3p ",101.75,106.166666666667,108.166666666667,125.333333333333,107.916666666667,105.166666666667
"hsa-miR-769-3p ",112.75,120.833333333333,108.166666666667,225.5,124.416666666667,140
"hsa-miR-769-5p ",750,934.5,694.333333333333,2241.5,921.833333333333,1167.33333333333
"hsa-miR-7704 ",94.1666666666667,103.833333333333,93.0833333333333,121.083333333333,89.4166666666667,97.3333333333333
"hsa-miR-7706 ",140.5,144,135.25,212.5,138,220
"hsa-miR-7974 ",104.083333333333,108.083333333333,96.3333333333333,113.666666666667,109.333333333333,220
"hsa-miR-874-3p ",121.083333333333,116,106.416666666667,272.666666666667,111.5,118
"hsa-miR-877-5p ",101.75,101.166666666667,98.5,129.166666666667,92.8333333333333,116
"hsa-miR-887-3p ",90.5833333333333,96.75,94.3333333333333,176.083333333333,93.75,101.75
"hsa-miR-889-3p ",780.333333333333,633,934.5,129.666666666667,795.166666666667,329.166666666667
"hsa-miR-9-5p ",181.666666666667,164.25,189,104.833333333333,181.666666666667,121.333333333333
"hsa-miR-92a-1-5p ",107.583333333333,102.333333333333,108.166666666667,162.5,111.5,163.666666666667
"hsa-miR-92a-3p ",7118.66666666667,6434.66666666667,7903.66666666667,2574.83333333333,8609.16666666667,6694.66666666667
"hsa-miR-92b-3p ",1202,1253.33333333333,1457.83333333333,655.666666666667,1525.83333333333,956.5
"hsa-miR-92b-5p ",98.1666666666667,112,96.3333333333333,137.5,102.666666666667,101.75
"hsa-miR-93-3p ",111.666666666667,121.083333333333,121.083333333333,192,119.833333333333,139
"hsa-miR-93-5p ",6228.83333333333,6228.83333333333,5257.83333333333,3697.66666666667,4567.66666666667,6011.83333333333
"hsa-miR-941 ",823,823,704.166666666667,1417.66666666667,359.5,722
"hsa-miR-942-5p ",96,95.5,95.5,98.6666666666667,104.166666666667,103.5
"hsa-miR-95-3p ",92.9166666666667,94.1666666666667,99.3333333333333,96.6666666666667,150.75,110.166666666667
"hsa-miR-96-5p ",95.5,91.1666666666667,95.5,97.5833333333333,94.5,101.75
"hsa-miR-98-3p ",105.333333333333,94.1666666666667,94.3333333333333,97.5833333333333,93.75,92.8333333333333
"hsa-miR-98-5p ",2651.83333333333,2391.33333333333,4210.33333333333,1471.83333333333,2696.83333333333,2651.83333333333
"hsa-miR-9903 ",99.3333333333333,98.5,94.3333333333333,99.3333333333333,96,99.3333333333333
"hsa-miR-99a-3p ",104.083333333333,100.166666666667,104.166666666667,104.166666666667,121.25,104.166666666667
"hsa-miR-99a-5p ",79368.8333333333,83763.6666666667,75422.5,189972.833333333,198409.5,213596.166666667
"hsa-miR-99b-3p ",643.833333333333,746.833333333333,592.166666666667,1288.16666666667,539.666666666667,885.333333333333
"hsa-miR-99b-5p ",29004.6666666667,29004.6666666667,24398,40711.1666666667,21221.3333333333,32465.5
